Hospital Name,City,State
Shree Sai Hospital,Dadra And Nagar Haveli,Dadra and nagar haveli
Aproopa Nursing Home,Dadra And Nagar Haveli,Dadra and nagar haveli
Chaitanya Hospital,Dadra And Nagar Haveli,Dadra and nagar haveli
Darshan Eye Hospital,Dadra And Nagar Haveli,Dadra and nagar haveli
Dr. Nikams Sri Sai Marigold Child Care Hospital and N I C U,Dadra And Nagar Haveli,Dadra and nagar haveli
Hari Om Hospital,Dadra And Nagar Haveli,Dadra and nagar haveli
Haria Rotary Hospital,Silvasa,dadra and nagar haveli
Mukta General Hospital and Maternity Home,Dadra And Nagar Haveli,Dadra and nagar haveli
Shree Sainath Hospital,Dadra And Nagar Haveli,Dadra and nagar haveli
Shri Vinoba Bhave Civil Hospital Silvassa,Dadra And Nagar Haveli,Daman and diu
Sree Jalaram Kripa Jarnal and Maternity Hospital,Dadra And Nagar Haveli,Dadra and nagar haveli
Vardhaman Hospital-Dadra And Nagar Haveli,Dadra And Nagar Haveli,Dadra and nagar haveli
